country,c_code,indicator,i_code,gas,1990,1991,1992,1993,1994,1995,1996,1997,1998,1999,2000,2001,2002,2003,2004,2005,2006,2007,2008,2009,2010,2011,2012,2013,2014,2015,2016,2017,2018,2019
Afghanistan,AFG,Agriculture,,All GHG,8.07,8.4,8.41,8.49,8.52,8.96,9.98,10.95,11.75,12.79,10.99,9.28,11.53,11.89,11.77,12.07,12.05,12.12,13.4,13.86,15.79,15.9,15.78,15.72,16.22,15.11,15.32,15.22,14.85,15.54
Afghanistan,AFG,Agriculture,,CH4,5.36,5.61,5.67,5.72,5.93,6.25,7.04,7.71,8.22,8.99,7.71,6.42,8.19,8.43,8.34,8.5,8.65,8.8,9.8,9.99,11.51,11.53,11.38,11.28,11.48,10.85,10.63,10.33,10.54,10.92
Afghanistan,AFG,Agriculture,,N2O,2.71,2.79,2.74,2.77,2.6,2.71,2.94,3.24,3.53,3.8,3.27,2.86,3.33,3.46,3.43,3.58,3.4,3.32,3.6,3.86,4.27,4.37,4.4,4.44,4.74,4.26,4.68,4.9,4.31,4.63
Afghanistan,AFG,"Agriculture, forestry, and fishing, value added (% of GDP)",NV.AGR.TOTL.ZS,,,,,,,,,,,,,,38.6278918638443,37.4188554431481,29.7210671376957,31.114854912062,28.6359685844686,30.1050113574013,24.8922700059742,29.2975010547259,26.2100685374552,23.7436639877543,24.390873626371,22.8106627361766,22.1370413719574,20.6343227166798,25.7403140364582,26.4201990834448,22.0428967527575,25.7739707394105
Afghanistan,AFG,Average proportion of deprivations for people multidimensionally poor (%)PERCENTALLAGEALLAREABOTHSEX,SD_MDP_ANDI,,,,,,,,,,,,,,,,,,,,,,,,,,,,52.5,,,
Afghanistan,AFG,Average proportion of deprivations for people multidimensionally poor (%)PERCENTALLAGERURALBOTHSEX,SD_MDP_ANDI,,,,,,,,,,,,,,,,,,,,,,,,,,,,52.6,,,
Afghanistan,AFG,Average proportion of deprivations for people multidimensionally poor (%)PERCENTALLAGEURBANBOTHSEX,SD_MDP_ANDI,,,,,,,,,,,,,,,,,,,,,,,,,,,,48.5,,,
Afghanistan,AFG,Broad money (% of GDP),FM.LBL.BMNY.GD.ZS,,,,,,,,,,,,,,,,,,23.3438645266527,23.833664421484,29.5122807993009,33.0609569578245,35.3505617153186,36.6242278045429,32.9136922701029,32.6820168994225,34.2095967895183,33.9280526549766,37.2228186582708,36.8612612972957,36.6074938854128,34.9592143142587
Afghanistan,AFG,Building,,All GHG,0.08,0.07,0.03,0.03,0.02,0.02,0.01,0.01,0.01,0.01,0.0,0.0,0.0,0.0,0.04,0.07,0.1,0.04,0.07,0.3,0.16,0.11,0.08,0.08,0.05,0.02,0.04,0.14,0.04,0.05
Afghanistan,AFG,Building,,CH4,0.0,0.0,0.0,0.0,0.0,0.0,0.0,0.0,0.0,0.0,0.0,0.0,0.0,0.0,0.0,0.0,0.0,0.0,0.0,0.0,0.0,0.0,0.0,0.0,0.0,0.0,0.0,0.0,0.0,0.0
Afghanistan,AFG,Building,,CO2,0.08,0.07,0.03,0.03,0.02,0.02,0.01,0.01,0.01,0.01,0.0,0.0,0.0,0.0,0.04,0.07,0.1,0.04,0.07,0.3,0.16,0.11,0.08,0.08,0.05,0.02,0.04,0.14,0.04,0.05
Afghanistan,AFG,Building,,N2O,0.0,0.0,0.0,0.0,0.0,0.0,0.0,0.0,0.0,0.0,0.0,0.0,0.0,0.0,0.0,0.0,0.0,0.0,0.0,0.0,0.0,0.0,0.0,0.0,0.0,0.0,0.0,0.0,0.0,0.0
Afghanistan,AFG,Bunker Fuels,,All GHG,0.02,0.02,0.02,0.02,0.02,0.02,0.02,0.02,0.02,0.02,0.02,0.02,0.02,0.03,0.04,0.04,0.04,0.03,0.03,0.03,0.03,0.03,0.03,0.03,0.03,0.03,0.04,0.04,0.04,0.04
Afghanistan,AFG,Bunker Fuels,,CH4,0.0,0.0,0.0,0.0,0.0,0.0,0.0,0.0,0.0,0.0,0.0,0.0,0.0,0.0,0.0,0.0,0.0,0.0,0.0,0.0,0.0,0.0,0.0,0.0,0.0,0.0,0.0,0.0,0.0,0.0
Afghanistan,AFG,Bunker Fuels,,CO2,0.02,0.02,0.02,0.02,0.02,0.02,0.02,0.02,0.02,0.02,0.02,0.02,0.02,0.03,0.04,0.04,0.04,0.03,0.03,0.03,0.03,0.03,0.03,0.03,0.03,0.03,0.04,0.04,0.04,0.04
Afghanistan,AFG,Bunker Fuels,,N2O,0.0,0.0,0.0,0.0,0.0,0.0,0.0,0.0,0.0,0.0,0.0,0.0,0.0,0.0,0.0,0.0,0.0,0.0,0.0,0.0,0.0,0.0,0.0,0.0,0.0,0.0,0.0,0.0,0.0,0.0
Afghanistan,AFG,CO2 emissions (kg per 2015 US$ of GDP),EN.ATM.CO2E.KD.GD,,,,,,,,,,,,,,0.146261247838431,0.16493492935801,0.13613158337596,0.177624748791315,0.199432668614835,0.213139469263296,0.381501659739532,0.429534804751454,0.542728700866921,0.764198995095877,0.577706059158855,0.44550564517469,0.398015940544431,0.401364107118854,0.363018759531093,0.353178873719891,0.351865760083906,
Afghanistan,AFG,CO2 emissions (kg per 2017 PPP $ of GDP),EN.ATM.CO2E.PP.GD.KD,,,,,,,,,,,,,,0.0383041237753872,0.0416879406106186,0.0347047879673937,0.0469529673095102,0.0506033147932979,0.0447091969210682,0.0865273957472258,0.0977099232426623,0.124481562361171,0.155682284590837,0.124932007646257,0.0877045627099812,0.0695570243379215,0.0835950255647172,0.072816909990457,0.0639790815690618,0.0802905635114787,0.0773954322577205
Afghanistan,AFG,CO2 emissions (kg per PPP $ of GDP),EN.ATM.CO2E.PP.GD,,,,,,,,,,,,,,0.0520052740051767,0.0555040341374304,0.044998599744515,0.0590286845531525,0.061713630602974,0.0530906290909512,0.100814738552539,0.113118677615234,0.142400815603977,0.174467969847596,0.135418228630305,0.0920973947953241,0.0706648881620335,0.0828325109987508,0.0756084839903742,0.0639790815690618,0.078417168806689,0.0742612659681981
Afghanistan,AFG,"Claims on central government, etc. (% GDP)",FS.AST.CGOV.GD.ZS,,,,,,,,,,,,,,,,,,-11.6151395323031,-7.2151752293674,-5.55502199403893,-6.00758305914186,-6.86373515568696,-7.60054085014712,-6.50721610801864,-6.44976232342758,-4.60734283653133,-4.45565732618117,-5.2286090288737,-6.54614558321633,-9.1889368207667,-8.3194745575249
Afghanistan,AFG,Coal rents (% of GDP),NY.GDP.COAL.RT.ZS,,,,,,,,,,,,,,0.0043459645908209,0.0074287768552396,0.0164647470509244,0.0109048985337024,0.0111500979096212,0.0764304436793042,0.224256029094819,0.126254875325353,0.212764254869903,0.492732777374243,0.271250833599429,0.242597637217459,0.226654361917562,0.168633703099671,0.245751221481888,0.400798952339048,0.545866583766561,0.332140150952389
Afghanistan,AFG,Current account balance (% of GDP),BN.CAB.XOKA.GD.ZS,,,,,,,,,,,,,,,,,,,,-2.35798854942128,2.23601792155674,-3.64331157543083,-12.6195276392874,-25.8706980173329,-25.2900733285252,-15.7724212014112,-21.912668651173,-14.9502033865154,-18.9559479529849,-21.5852670723455,-20.1704576794398
Afghanistan,AFG,Current health expenditure (% of GDP),SH.XPD.CHEX.GD.ZS,,,,,,,,,,,,,,9.44338989,8.94125843,9.80847359,9.94828987,10.62276554,9.90467453,10.25649548,9.81848717,8.56967163,8.56190681,7.89717579,8.80594063,9.52887058,10.10534763,11.81856155,12.62081718,14.12674332,13.24220181
Afghanistan,AFG,Direct agriculture loss attributed to disasters (current United States dollars)CU_USD,VC_DSR_AGLH,,,,,,,,,,,,,,,,,,,,,,,,,,,,,23693714.70931,213967899.38603,2153592.32445
Afghanistan,AFG,Direct economic loss attributed to disasters (current United States dollars)CU_USD,VC_DSR_GDPLS,,,,,,,,,,,,,,,,,,,,,,,,,,,,,58294889.34771,326766511.88603,25125531598.0457
Afghanistan,AFG,Direct economic loss attributed to disasters relative to GDP (%)PERCENT,VC_DSR_LSGP,,,,,,,,,,,,,,,,,,,,,,,,,,,,,0.00311,0.0181,1.3365
Afghanistan,AFG,Direct economic loss in the housing sector attributed to disasters (current United States dollars)CU_USD,VC_DSR_HOLH,,,,,,,,,,,,,,,,,,,,,,,,,,,,,34163999.96584,112798612.5,25123339687.5
Afghanistan,AFG,Direct economic loss resulting from damaged or destroyed critical infrastructure attributed to disasters (current United States dollars)CU_USD,VC_DSR_CILN,,,,,,,,,,,,,,,,,,,,,,,,,,,,,437174.39956,0.0,38318.22125
Afghanistan,AFG,Direct economic loss to cultural heritage damaged or destroyed attributed to disasters (millions of current United States dollars)CU_USD_M,VC_DSR_CHLN,,,,,,,,,,,,,,,,,,,,,,,,,,,,,2.73e-07,,0.0
Afghanistan,AFG,Direct economic loss to other damaged or destroyed productive assets attributed to disasters (current United States dollars)CU_USD,VC_DSR_DDPA,,,,,,,,,,,,,,,,,,,,,,,,,,,,,0.0,0.0,0.0
Afghanistan,AFG,Domestic credit to private sector (% of GDP),FS.AST.PRVT.GD.ZS,,,,,,,,,,,,,,,,,,4.84285686566253,6.83998223656721,9.38832772083979,10.58413068423,11.5750442390122,4.95918037606027,4.47210362973721,4.3216854169302,3.94105709996345,3.98149379462535,3.88832174612488,3.84188120492596,3.51231703339133,3.22995723026215
Afghanistan,AFG,Domestic credit to private sector by banks (% of GDP),FD.AST.PRVT.GD.ZS,,,,,,,,,,,,,,,,,,4.84285686566253,6.83998223656721,9.38832772083979,10.58413068423,11.5750442390122,4.95918037606027,4.17944854276306,4.10825623711864,3.73272021162013,3.78980675535297,3.77581257666065,3.71038110758839,3.44212677085205,3.1735454944513
Afghanistan,AFG,Domestic general government health expenditure (% of GDP),SH.XPD.GHED.GD.ZS,,,,,,,,,,,,,,0.08418062,0.65096337,0.5429256,0.5291841,0.49784002,0.55994755,0.62779981,0.53190351,0.46915734,0.47999978,0.34288704,0.44335812,0.47265655,0.52267283,0.60012823,0.64313394,0.54922014,1.08443093
Afghanistan,AFG,Electricity/Heat,,All GHG,0.17,0.17,0.16,0.16,0.16,0.16,0.16,0.16,0.16,0.16,0.16,0.13,0.1,0.16,0.17,0.19,0.11,0.1,0.1,0.05,0.07,0.07,0.07,0.08,0.05,0.05,0.08,0.08,0.12,0.12
Afghanistan,AFG,Electricity/Heat,,CH4,0.0,0.0,0.0,0.0,0.0,0.0,0.0,0.0,0.0,0.0,0.0,0.0,0.0,0.0,0.0,0.0,0.0,0.0,0.0,0.0,0.0,0.0,0.0,0.0,0.0,0.0,0.0,0.0,0.0,0.0
Afghanistan,AFG,Electricity/Heat,,CO2,0.17,0.17,0.16,0.16,0.16,0.16,0.16,0.16,0.16,0.16,0.16,0.13,0.1,0.16,0.17,0.19,0.11,0.1,0.1,0.05,0.07,0.07,0.07,0.08,0.05,0.05,0.08,0.08,0.12,0.12
Afghanistan,AFG,Electricity/Heat,,N2O,0.0,0.0,0.0,0.0,0.0,0.0,0.0,0.0,0.0,0.0,0.0,0.0,0.0,0.0,0.0,0.0,0.0,0.0,0.0,0.0,0.0,0.0,0.0,0.0,0.0,0.0,0.0,0.0,0.0,0.0
Afghanistan,AFG,"Employed population below international poverty line, by sex and age (%)PERCENT15+BOTHSEX",SI_POV_EMP1,,,,,,,,,,,,66.3,66.9,64.6,64.2,64.1,62.9,61.5,59.3,57.8,54.2,51.2,50.2,47.7,46.1,44.8,43.7,42.7,41.3,40.6,39.8
Afghanistan,AFG,"Employed population below international poverty line, by sex and age (%)PERCENT15+FEMALE",SI_POV_EMP1,,,,,,,,,,,,71.6,72.2,70.1,69.7,69.6,68.6,67.4,65.4,64.0,60.7,57.9,57.0,54.6,53.1,51.8,50.7,49.5,48.0,47.4,46.6
Afghanistan,AFG,"Employed population below international poverty line, by sex and age (%)PERCENT15+MALE",SI_POV_EMP1,,,,,,,,,,,,65.4,66.0,63.7,63.2,63.1,61.8,60.5,58.2,56.7,53.1,50.0,49.0,46.4,44.7,43.3,42.1,41.0,39.5,38.8,38.0
Afghanistan,AFG,"Employed population below international poverty line, by sex and age (%)PERCENT15-24BOTHSEX",SI_POV_EMP1,,,,,,,,,,,,66.3,66.9,64.8,64.4,64.4,63.3,62.1,59.9,58.5,55.2,52.4,51.5,49.3,47.9,46.9,46.0,45.1,43.9,43.4,42.7
Afghanistan,AFG,"Employed population below international poverty line, by sex and age (%)PERCENT15-24FEMALE",SI_POV_EMP1,,,,,,,,,,,,70.2,70.7,68.7,68.3,68.3,67.3,66.2,64.2,62.9,59.8,57.1,56.3,54.1,52.7,51.5,50.5,49.5,48.1,47.5,46.8
Afghanistan,AFG,"Employed population below international poverty line, by sex and age (%)PERCENT15-24MALE",SI_POV_EMP1,,,,,,,,,,,,65.6,66.2,64.0,63.6,63.6,62.5,61.2,59.1,57.7,54.3,51.5,50.6,48.3,46.8,45.8,44.8,43.9,42.6,42.1,41.4
Afghanistan,AFG,"Employed population below international poverty line, by sex and age (%)PERCENT25+BOTHSEX",SI_POV_EMP1,,,,,,,,,,,,66.3,66.9,64.6,64.1,63.9,62.7,61.3,59.0,57.5,53.9,50.8,49.7,47.1,45.4,44.0,42.8,41.7,40.2,39.4,38.6
Afghanistan,AFG,"Employed population below international poverty line, by sex and age (%)PERCENT25+FEMALE",SI_POV_EMP1,,,,,,,,,,,,72.2,72.8,70.7,70.3,70.2,69.2,67.9,65.9,64.4,61.1,58.2,57.3,54.9,53.3,52.0,50.8,49.6,48.0,47.3,46.5
Afghanistan,AFG,"Employed population below international poverty line, by sex and age (%)PERCENT25+MALE",SI_POV_EMP1,,,,,,,,,,,,65.3,65.9,63.5,63.0,62.9,61.6,60.2,57.9,56.3,52.6,49.5,48.3,45.6,43.8,42.4,41.1,39.8,38.3,37.5,36.6
Afghanistan,AFG,Energy,,All GHG,2.61,2.43,1.54,1.46,1.37,1.28,1.21,1.14,1.08,0.85,0.84,0.81,1.1,1.28,1.09,1.6,2.03,2.26,4.28,5.82,8.27,10.29,9.63,7.73,6.83,8.09,7.42,6.94,8.23,8.27
Afghanistan,AFG,Energy,,CH4,0.28,0.24,0.2,0.16,0.12,0.08,0.09,0.09,0.09,0.09,0.09,0.08,0.08,0.07,0.06,0.06,0.28,0.5,0.73,0.95,1.17,1.38,1.58,1.78,1.98,2.18,2.19,2.21,2.22,2.23
Afghanistan,AFG,Energy,,CO2,2.33,2.19,1.34,1.29,1.24,1.19,1.13,1.05,0.99,0.77,0.75,0.73,1.02,1.21,1.02,1.55,1.75,1.76,3.55,4.87,7.09,8.91,8.05,5.95,4.85,5.91,5.23,4.74,6.01,6.04
Afghanistan,AFG,Energy,,N2O,0.0,0.0,0.0,0.0,0.0,0.0,0.0,0.0,0.0,0.0,0.0,0.0,0.0,0.0,0.0,0.0,0.0,0.0,0.0,0.0,0.0,0.0,0.0,0.0,0.0,0.0,0.0,0.0,0.0,0.0
Afghanistan,AFG,Energy intensity level of primary energy (MJ/$2017 PPP GDP),EG.EGY.PRIM.PP.KD,,,,,,,,,,,,1.64,1.74,1.4,1.4,1.2,1.41,1.5,1.53,1.94,2.25,2.46,3.23,2.61,2.46,2.25,2.37,2.24,2.3,2.44,2.41
Afghanistan,AFG,Expense (% of GDP),GC.XPN.TOTL.GD.ZS,,,,,,,,,,,,,,,,,,20.5781737687622,24.2432588226125,50.7192978736512,44.3178392396772,50.8630045999057,59.4847758807514,42.3292514484608,42.0936844468805,44.5892994893339,37.0225695736427,43.9227656125389,39.2201099807684,,
Afghanistan,AFG,"Foreign direct investment, net inflows (% of GDP)",BX.KLT.DINV.WD.GD.ZS,,,,,,,,,,,,,,1.23299102251609,1.28001876082737,3.57581613520808,4.36453524429585,3.41400444390947,1.93570303554968,0.455360078332881,0.451888842930533,1.20311722800728,0.293024934195091,0.285441075824333,0.239801324400345,0.209664812936706,0.884000919857522,0.516606367688591,0.274796599141582,0.661572001890286,0.124495943884077
Afghanistan,AFG,"Foreign direct investment, net outflows (% of GDP)",BM.KLT.DINV.WD.GD.ZS,,,,,,,,,,,,,,,0.0221456533398258,-0.0133925697947868,0.0241579441566191,,,-0.0189729768645276,0.0019902370262543,-0.0078708001860935,0.0063865777271168,-0.044510525022857,0.0026670713236935,-9.34458323458972e-05,0.0113046365066387,0.0773107292174807,0.0600461460560642,0.214940510355144,0.140009657392556
Afghanistan,AFG,Forest rents (% of GDP),NY.GDP.FRST.RT.ZS,,,,,,,,,,,,,,0.959142383641002,0.664984576494598,0.388026076587756,0.33225089186171,0.453993504602121,0.342823373587779,0.35337260360069,0.274420606546217,0.359415504857452,0.309228784377023,0.265080869687184,0.265029250096815,0.267669074229398,0.301980808118487,0.351214676303539,0.287445620518945,0.300160885365271,0.332816376920438
Afghanistan,AFG,Fugitive Emissions,,All GHG,0.28,0.24,0.2,0.16,0.12,0.08,0.09,0.09,0.09,0.09,0.09,0.08,0.08,0.07,0.06,0.06,0.28,0.5,0.73,0.95,1.17,1.38,1.58,1.78,1.98,2.18,2.19,2.21,2.22,2.23
Afghanistan,AFG,Fugitive Emissions,,CH4,0.28,0.24,0.2,0.16,0.12,0.08,0.09,0.09,0.09,0.09,0.09,0.08,0.08,0.07,0.06,0.06,0.28,0.5,0.73,0.95,1.17,1.38,1.58,1.78,1.98,2.18,2.19,2.21,2.22,2.23
Afghanistan,AFG,Fugitive Emissions,,N2O,0.0,0.0,0.0,0.0,0.0,0.0,0.0,0.0,0.0,0.0,0.0,0.0,0.0,0.0,0.0,0.0,0.0,0.0,0.0,0.0,0.0,0.0,0.0,0.0,0.0,0.0,0.0,0.0,0.0,0.0
Afghanistan,AFG,GDP (constant 2015 US$),NY.GDP.MKTP.KD,,,,,,,,,,,,,,7228792185.8025,7867259194.15068,7978511520.99477,8874475611.97397,9349917056.94245,10642666466.7061,11060389403.7128,13426265139.5021,15354604611.6719,15420069703.0793,17386481260.8962,18360253681.3442,18860486754.6234,19134211763.859,19566705069.6652,20084636379.3769,20323488524.6834,21118462796.7609
Afghanistan,AFG,GDP (constant LCU),NY.GDP.MKTP.KN,,,,,,,,,,,,,,451798704100.0,491702820800.0,498656078800.0,554653734400.0,584368771600.0,665165465300.0,691273102200.0,839140071400.0,959661073000.0,963752633900.0,1086653136600.0,1147513804100.0,1178778315300.0,1195886097800.0,1222916881100.0,1255287530100.0,1270215762500.0,1319901565700.0
Afghanistan,AFG,GDP (current LCU),NY.GDP.MKTP.CN,,,,,,,,,,,,,,182162721300.0,221358563000.0,249791940700.0,308163225800.0,348048404600.0,485419056200.0,515046858600.0,611692107000.0,726231122700.0,850347275400.0,1028794220100.0,1138809791300.0,1176469485800.0,1222756495400.0,1222916881100.0,1285460326500.0,1327690394700.0,1469596303300.0
Afghanistan,AFG,GDP (current US$),NY.GDP.MKTP.CD,,,,,,,,,,,,,,4055179566.34981,4515558808.10994,5226778808.89209,6209137624.77181,6971285594.68013,9747879531.86311,10109305182.952,12416161048.8412,15856678596.148,17805113118.8938,19907317065.6666,20146404996.223,20497126770.1335,19134211763.859,18116562464.9088,18753469630.2586,18053228578.8878,18799450742.7823
Afghanistan,AFG,GDP deflator (base year varies by country),NY.GDP.DEFL.ZS,,,,,,,,,,,,,,40.3194430720812,45.0187702075513,50.0930303108139,55.5595692749382,59.5597200800181,72.9771886129218,74.507001207026,72.8951134438698,75.6757925409776,88.2329391888576,94.6754935359564,99.2414894906797,99.8041336975721,102.246902748467,100.0,102.403656188443,104.524792865653,111.341356165496
Afghanistan,AFG,GDP deflator: linked series (base year varies by country),NY.GDP.DEFL.ZS.AD,,,,,,,,,,,,,,40.3194430720812,45.0187702075514,50.0930303108139,55.5595692749383,59.5597200800181,72.9771886129219,74.507001207026,72.8951134438698,75.6757925409776,88.2329391888576,94.6754935359564,99.2414894906797,99.8041336975721,102.246902748467,100.0,102.403656188443,104.524792865653,111.341356165496
Afghanistan,AFG,GDP growth (annual %),NY.GDP.MKTP.KD.ZG,,,,,,,,,,,,,,,8.83227781263571,1.41411798058979,11.2297148236429,5.35740325126351,13.8263195479763,3.92498382161573,21.3905283931066,14.3624414692681,0.426354784529209,12.752287088717,5.60074465808154,2.72454336394854,1.45131466009755,2.26031420130452,2.64700320195786,1.18922812838034,3.911603419423
Afghanistan,AFG,GDP per capita (constant 2015 US$),NY.GDP.PCAP.KD,,,,,,,,,,,,,,319.847107262897,332.22000973489,322.668009493498,345.925813841934,353.72059702447,392.71046559534,398.971116543866,472.842291632566,526.103675610541,511.998514848414,557.94969211234,568.964543504121,565.179273313985,556.007220861443,552.996907717033,553.355051712755,546.743010078504,555.138996255113
Afghanistan,AFG,GDP per capita (constant LCU),NY.GDP.PCAP.KN,,,,,,,,,,,,,,19990.4084745062,20763.7134968558,20166.7145488019,21620.3247225004,22107.4978006707,24544.3602308766,24935.6502157957,29552.5904068512,32881.4209557612,31999.8499837851,34871.7934296744,35560.2204112156,35323.6414471764,34750.3891934826,34562.2449582325,34584.6289179576,34171.3770544337,34696.1252525744
Afghanistan,AFG,GDP per capita (current LCU),NY.GDP.PCAP.CN,,,,,,,,,,,,,,8060.02136475503,9347.56846570382,10102.1184316267,12012.1592916642,13167.1638067756,17911.7840595218,18578.8052072627,21542.3943026763,24883.2759070074,28234.4081767188,33015.0425343834,35290.4924022591,35254.4543367909,35531.1966433738,34562.2449582325,35415.9244911941,35717.5610854881,38631.1363930956
Afghanistan,AFG,GDP per capita (current US$),NY.GDP.PCAP.CD,,,,,,,,,,,,,,179.426579211394,190.683814295088,211.382074198939,242.031313175022,263.733601866274,359.693157866109,364.6635420423,437.26874023514,543.306526178281,591.190030208565,638.845851607289,624.315454506615,614.223342360392,556.007220861443,512.012778129357,516.679862210543,485.668418729808,494.179349886029
Afghanistan,AFG,GDP per capita growth (annual %),NY.GDP.PCAP.KD.ZG,,,,,,,,,,,,,,,3.86838029515866,-2.87520316702623,7.20796721836321,2.25331064367975,11.0227871655922,1.59421545820915,18.5154192936617,11.264090568989,-2.68106105621827,8.97486534263292,1.97416569047293,-0.665291050796171,-1.62285718631547,-0.541416195952564,0.0647641950115201,-1.19490038335884,1.53563667424
Afghanistan,AFG,"GDP per capita, PPP (constant 2017 international $)",NY.GDP.PCAP.PP.KD,,,,,,,,,,,,,,1189.78466765718,1235.81006329565,1200.27801321734,1286.79365893927,1315.78911741835,1460.8257513794,1484.11446132539,1758.90447663765,1957.02906990812,1904.55992565594,2075.49161435331,2116.46525771251,2102.38460375974,2068.26590413364,2057.06797755329,2058.4002210698,2033.80438893717,2065.03623501599
Afghanistan,AFG,"GDP per capita, PPP (current international $)",NY.GDP.PCAP.PP.CD,,,,,,,,,,,,,,876.327642682203,928.191568870689,925.704226067833,1023.54950071531,1078.90737037771,1230.20478951003,1273.78755500476,1519.31073653477,1710.76292769203,1699.48811019742,1914.77422837964,2015.51477466948,2069.42402167356,2087.30532306683,1981.11806850696,2058.4002210698,2082.3921973316,2152.19024282945
Afghanistan,AFG,GDP per person employed (constant 2017 PPP $),SL.GDP.PCAP.EM.KD,,,,,,,,,,,,,,5572.18480020993,5742.1537181977,5529.23236143351,5900.21413865045,6055.20526942152,6771.46429528836,6889.84466557515,8199.54684023603,9118.7889754236,8743.61767849013,9421.7829169954,9451.82116887206,9241.04761834741,8950.39449742221,8795.23407996816,8698.01716930822,8490.08570209311,8522.60600598112
Afghanistan,AFG,"GDP, PPP (constant 2017 international $)",NY.GDP.MKTP.PP.KD,,,,,,,,,,,,,,26890054382.385,29265058689.4061,29678901146.3632,33011757107.8906,34780330056.488,39589169629.9389,41143038133.026,49943751386.6576,57116893447.1231,57360414055.1093,64675178730.6937,68297470348.5577,70158264544.684,71176481723.2911,72785293847.6716,74711922906.3738,75600418108.8303,78557606648.6734
Afghanistan,AFG,"GDP, PPP (current international $)",NY.GDP.MKTP.PP.CD,,,,,,,,,,,,,,19805683002.2132,21980384805.7144,22889600503.965,26258419343.9137,28518821097.8215,33339216566.7178,35312296534.1449,43140533617.6219,49929490244.5478,51184181904.4289,59667003515.1962,65039839448.5561,69058343420.1602,71831696727.8086,70097956089.2877,74711922906.3738,77406520332.6189,81873098235.4889
Afghanistan,AFG,GDP: linked series (current LCU),NY.GDP.MKTP.CN.AD,,,,,,,,,,,,,,182162721300.0,221358563000.0,249791940700.0,308163225800.0,348048404600.0,485419056200.0,515046858600.0,611692107000.0,726231122700.0,850347275400.0,1028794220100.0,1138809791300.0,1176469485800.0,1222756495400.0,1222916881100.0,1285460326500.0,1327690394700.0,1469596303300.0
Afghanistan,AFG,"Government expenditure on education, total (% of GDP)",SE.XPD.TOTL.GD.ZS,,,,,,,,,,,,,,,,,2.5699999332428,2.90000009536743,2.84999990463257,3.50999999046326,3.73000001907349,3.4794499874115,3.4620099067688,3.3199999332428,3.45445990562439,3.69521999359131,3.2558000087738,3.5119800567627,3.37331008911133,3.19979000091553,3.21377992630005
Afghanistan,AFG,"Government expenditure per student, primary (% of GDP per capita)",SE.XPD.PRIM.PC.ZS,,,,,,,,,,,,,,,,,,,,,,11.95215,12.21159,8.31733,11.17447,11.72219,10.24688,10.34081,10.25174,,
Afghanistan,AFG,"Government expenditure per student, secondary (% of GDP per capita)",SE.XPD.SECO.PC.ZS,,,,,,,,,,,,,,,,,,,,,,13.2609,12.56712,8.53024,11.32094,12.03027,10.29234,11.98575,11.3072,,
Afghanistan,AFG,"Government expenditure per student, tertiary (% of GDP per capita)",SE.XPD.TERT.PC.ZS,,,,,,,,,,,,,,,,,,,,,,,96.09478,,,58.22054,,,,,
Afghanistan,AFG,Industrial Processes,,All GHG,0.05,0.06,0.06,0.06,0.06,0.07,0.08,0.1,0.11,0.12,0.1,0.1,0.11,0.12,0.12,0.13,0.15,0.18,0.2,0.22,0.25,0.31,0.39,0.47,0.52,0.6,0.79,0.91,1.08,1.21
Afghanistan,AFG,Industrial Processes,,CH4,0.0,0.0,0.0,0.0,0.0,0.0,0.0,0.0,0.0,0.0,0.0,0.0,0.0,0.0,0.0,0.0,0.0,0.0,0.0,0.0,0.0,0.0,0.0,0.0,0.0,0.0,0.0,0.0,0.0,0.0
Afghanistan,AFG,Industrial Processes,,CO2,0.05,0.05,0.05,0.05,0.05,0.05,0.05,0.05,0.05,0.05,0.01,0.01,0.01,0.01,0.01,0.01,0.01,0.01,0.02,0.01,0.01,0.01,0.03,0.04,0.03,0.04,0.08,0.04,0.06,0.04
Afghanistan,AFG,Industrial Processes,,F-Gas,0.01,0.01,0.01,0.01,0.02,0.02,0.03,0.05,0.06,0.08,0.09,0.1,0.1,0.11,0.11,0.12,0.14,0.17,0.19,0.21,0.23,0.3,0.37,0.43,0.5,0.56,0.71,0.87,1.02,1.17
Afghanistan,AFG,Industrial Processes,,N2O,0.0,0.0,0.0,0.0,0.0,0.0,0.0,0.0,0.0,0.0,0.0,0.0,0.0,0.0,0.0,0.0,0.0,0.0,0.0,0.0,0.0,0.0,0.0,0.0,0.0,0.0,0.0,0.0,0.0,0.0
Afghanistan,AFG,"Industry (including construction), value added (% of GDP)",NV.IND.TOTL.ZS,,,,,,,,,,,,,,23.8101270064854,22.7108641828326,26.2267897500666,26.8120992326398,28.2107680719994,26.8822416082148,26.9156280026285,21.8971222069406,21.1514206977128,22.7402524820273,21.1578071539751,20.4446053132561,21.2296632181805,22.1240424906926,10.4668076938201,10.0518739969063,13.3872469597976,14.0581123697768
Afghanistan,AFG,"Inflation, GDP deflator (annual %)",NY.GDP.DEFL.KD.ZG,,,,,,,,,,,,,,,11.655238211175,11.2714320712639,10.9127735539374,7.19975128908025,22.5277561997899,2.09628874882868,-2.16340442783005,3.81463031709113,16.5933467311629,7.30175647136598,4.82278547931647,0.566944540816536,2.44756300204637,-2.19752646590604,2.40365618844285,2.07134857890898,6.52147984507825
Afghanistan,AFG,"Inflation, GDP deflator: linked series (annual %)",NY.GDP.DEFL.KD.ZG.AD,,,,,,,,,,,,,,,11.655238211175,11.2714320712639,10.9127735539374,7.19975128908025,22.5277561997899,2.09628874882868,-2.16340442783005,3.81463031709113,16.5933467311629,7.30175647136598,4.82278547931647,0.566944540816536,2.44756300204637,-2.19752646590604,2.40365618844285,2.07134857890898,6.52147984507825
Afghanistan,AFG,Land-Use Change and Forestry,,All GHG,-2.39,-2.39,-2.39,-2.39,-2.39,-2.39,-2.39,-2.39,-2.39,-2.39,-2.39,0.12,0.12,0.12,0.12,0.12,0.12,0.12,0.12,0.12,0.12,-0.25,-0.25,-0.25,-0.25,-0.25,0.15,0.15,0.15,0.15
Afghanistan,AFG,Land-Use Change and Forestry,,CH4,0.0,0.0,0.0,0.0,0.0,0.0,0.0,0.0,0.0,0.0,0.0,0.0,0.0,0.0,0.0,0.0,0.0,0.0,0.0,0.0,0.0,0.0,0.0,0.0,0.0,0.0,0.0,0.0,0.0,0.0
Afghanistan,AFG,Land-Use Change and Forestry,,CO2,-2.39,-2.39,-2.39,-2.39,-2.39,-2.39,-2.39,-2.39,-2.39,-2.39,-2.39,0.12,0.12,0.12,0.12,0.12,0.12,0.12,0.12,0.12,0.12,-0.25,-0.25,-0.25,-0.25,-0.25,0.15,0.15,0.15,0.15
Afghanistan,AFG,Land-Use Change and Forestry,,N2O,0.0,0.0,0.0,0.0,0.0,0.0,0.0,0.0,0.0,0.0,0.0,0.0,0.0,0.0,0.0,0.0,0.0,0.0,0.0,0.0,0.0,0.0,0.0,0.0,0.0,0.0,0.0,0.0,0.0,0.0
Afghanistan,AFG,"Manufacturing, value added (% of GDP)",NV.IND.MANF.ZS,,,,,,,,,,,,,,18.8227521829407,16.9238662341696,17.5540062570161,16.5982122192596,16.3855371972017,17.7473095255876,17.839116299,13.14987660941,12.5225768432907,13.7791892429929,12.4860851363953,11.4998672561905,11.477587555803,11.4200060049012,4.1141966128347,3.53042246146676,6.16017721650239,7.04318108092508
Afghanistan,AFG,Manufacturing/Construction,,All GHG,0.41,0.4,0.37,0.36,0.34,0.33,0.32,0.29,0.27,0.25,0.23,0.21,0.56,0.48,0.23,0.34,0.34,0.32,0.51,0.6,0.9,0.94,0.93,0.92,0.9,0.89,0.93,0.92,0.91,0.93
Afghanistan,AFG,Manufacturing/Construction,,CH4,0.0,0.0,0.0,0.0,0.0,0.0,0.0,0.0,0.0,0.0,0.0,0.0,0.0,0.0,0.0,0.0,0.0,0.0,0.0,0.0,0.0,0.0,0.0,0.0,0.0,0.0,0.0,0.0,0.0,0.0
Afghanistan,AFG,Manufacturing/Construction,,CO2,0.41,0.4,0.37,0.36,0.34,0.33,0.32,0.29,0.27,0.25,0.23,0.21,0.56,0.48,0.23,0.34,0.34,0.32,0.51,0.6,0.9,0.94,0.93,0.92,0.9,0.89,0.93,0.92,0.91,0.93
Afghanistan,AFG,Manufacturing/Construction,,N2O,0.0,0.0,0.0,0.0,0.0,0.0,0.0,0.0,0.0,0.0,0.0,0.0,0.0,0.0,0.0,0.0,0.0,0.0,0.0,0.0,0.0,0.0,0.0,0.0,0.0,0.0,0.0,0.0,0.0,0.0
Afghanistan,AFG,Merchandise trade (% of GDP),TG.VAL.TOTL.GD.ZS,,,,,,,,,,,,,,62.9318617892211,49.716991747909,47.4862260438013,45.9806203780983,45.328798498966,35.6590373181975,35.2150809138048,30.1139779460976,34.9505728226483,38.7023657417131,47.7111002385189,45.0154754741614,40.4886016126539,43.3464419771178,39.3562521245991,41.5283153120323,45.8754508303592,40.6448044921399
Afghanistan,AFG,Military expenditure (% of GDP),MS.MIL.XPND.GD.ZS,,,,,,,,,,,,,,,,2.43125786929857,1.99206569856085,1.89623399634252,2.56626735198569,2.335545701939,2.08741255278385,1.94583569418812,1.82134545354632,1.17541612009987,1.07694976762403,1.29801287790022,0.994575822723645,0.956772140958855,0.945226799939516,1.00674629248273,1.11823060279695
Afghanistan,AFG,Mineral rents (% of GDP),NY.GDP.MINR.RT.ZS,,,,,,,,,,,,,,0.0,0.0,0.0,0.0,0.0,0.0,0.0,0.0,0.0,0.0,0.0,0.0023643082146235,0.0030023258006139,0.0020786231654015,0.0027974336783385,0.0,0.0,0.0
