Country Name,Country Code,Indicator Name,Indicator Code,1990,1991,1992,1993,1994,1995,1996,1997,1998,1999,2000,2001,2002,2003,2004,2005,2006,2007,2008,2009,2010,2011,2012,2013,2014,2015,2016,2017,2018,2019
European Union (27),EUU,Access to clean fuels and technologies for cooking (% of population),EG.CFT.ACCS.ZS,,,,,,,,,,,97.8904066021482,98.047441071906,98.1911937463697,98.3347122603938,98.4653645831053,98.5671416034736,98.6642491468354,98.7644405085824,98.8671071217111,98.9235932780133,98.9957928800312,99.0605745193191,99.0985732923953,99.1342938275138,99.1690272609127,99.1978818108303,99.2213446951726,99.4245309944233,99.4289159344436,99.4587475334323
European Union (27),EUU,"Access to clean fuels and technologies for cooking, rural (% of rural population)",EG.CFT.ACCS.RU.ZS,,,,,,,,,,,95.5133445111074,95.7029915843408,95.930382124246,96.1229862136971,96.325464755271,96.501828305936,96.7243589115317,96.9635345946397,97.1454738101879,97.3307589556737,97.4973213157534,97.6381374720778,97.7324860955072,97.8574449130767,97.9671595886285,98.0183146172536,98.1039102426907,98.2088282070311,98.2743552127556,98.3210681516872
European Union (27),EUU,"Access to clean fuels and technologies for cooking, urban (% of urban population)",EG.CFT.ACCS.UR.ZS,,,,,,,,,,,99.7887487649185,99.7970720650863,99.8136073752064,99.8195091420571,99.8287833576745,99.8379323028996,99.8468191670428,99.8496830807402,99.8632638242094,99.8682587899146,99.8692911319219,99.8697388623205,99.8742187407515,99.8787646277698,99.8799054245734,99.8810773289404,99.8823071605518,99.883422484862,99.8812914909087,99.8885320271481
European Union (27),EUU,Access to electricity (% of population),EG.ELC.ACCS.ZS,100.0,100.0,100.0,100.0,100.0,100.0,100.0,100.0,100.0,100.0,100.0,100.0,100.0,100.0,100.0,100.0,100.0,100.0,100.0,100.0,100.0,100.0,100.0,100.0,100.0,100.0,99.9601962766443,100.0,100.0,100.0
European Union (27),EUU,"Access to electricity, rural (% of rural population)",EG.ELC.ACCS.RU.ZS,100.0,100.0,100.0,100.0,100.0,100.0,100.0,100.0,100.0,100.0,100.0,100.0,100.0,100.0,100.0,100.0,100.0,100.0,100.0,100.0,100.0,100.0,100.0,100.0,100.0,100.0,100.0,100.0,100.0,100.0
European Union (27),EUU,"Access to electricity, urban (% of urban population)",EG.ELC.ACCS.UR.ZS,100.0,100.0,100.0,100.0,100.0,100.0,100.0,100.0,100.0,100.0,100.0,100.0,100.0,100.0,100.0,100.0,100.0,100.0,100.0,100.0,100.0,100.0,100.0,100.0,100.0,100.0,99.9839161029317,100.0,100.0,100.0
European Union (27),EUU,"Adjusted net enrollment rate, primary (% of primary school age children)",SE.PRM.TENR,,,,,,,,,97.69873,97.68639,97.43706,97.60039,97.47525,97.3561,97.13164,97.54457,97.53031,97.65417,97.86795,97.7539,97.7939,97.86683,97.99058,98.03995,97.65497,97.76725,97.62383,97.42937,96.75901,
European Union (27),EUU,"Adjusted net enrollment rate, primary, female (% of primary school age children)",SE.PRM.TENR.FE,,,,,,,,,97.67059,97.66602,97.38638,97.5858,97.4251,97.31569,,,97.57267,97.75979,97.93124,97.83844,97.88102,97.98303,98.17284,98.20671,97.83732,97.93651,97.81157,97.60216,97.09077,
European Union (27),EUU,"Adjusted net enrollment rate, primary, male (% of primary school age children)",SE.PRM.TENR.MA,,,,,,,,,97.78828,97.731,97.50489,97.63128,97.54069,97.41955,,,97.51256,97.57606,97.83071,97.69649,97.73216,97.76728,97.82731,97.89173,97.49186,97.61656,97.44559,97.26526,96.4723,
European Union (27),EUU,Adjusted net national income (annual % growth),NY.ADJ.NNTY.KD.ZG,3.5741209697028,1.95403692902917,1.44444639384815,-0.987672887705898,2.55425877486275,3.2812387053357,1.96213391981507,2.7066679371603,3.30710320782272,3.07412250598553,2.30289503609495,2.08263126649713,0.819826257335947,1.13379564945801,2.97840799524307,1.57793691608614,3.4384472439984,2.96184732104766,-0.86215660771181,-3.75780477138881,1.97131756967492,1.23990912368177,-0.97781052309773,0.461960081379004,1.740937911475,2.73613880613523,2.82624448533238,2.58156906023406,1.90399569094875,2.04422956351738
European Union (27),EUU,Adjusted net national income (constant 2015 US$),NY.ADJ.NNTY.KD,7590033907731.61,7738345973214.53,7850122232568.12,7772588703625.27,7971120732621.61,8232672231349.43,8394208285707.93,8621411629955.64,8906530610529.5,9180328272530.28,9391741596615.6,9587336943575.34,9665936449218.04,9775528416158.65,10066683536082.8,10225529451824.2,10577128887444.7,10890407296041.2,10796514929931.7,10390802976751.0,10595638701462.0,10727014992433.8,10622125111023.5,10671195088830.5,10856973969739.5,11154035847697.5,11469276170735.0,11765363455791.5,11989375469014.3,12234465826833.0
European Union (27),EUU,Adjusted net national income (current US$),NY.ADJ.NNTY.CD,5506396482660.7,5694213881469.46,6254803750143.14,5674684425083.66,6011019284707.48,7008631383244.58,7132612688626.99,6541901171753.51,6731166715885.12,6708957014996.87,6119791989277.41,6199327448987.01,6730617202030.99,8276511766537.14,9566571973281.2,9974964857732.08,10679086641467.4,12314473491929.9,13478493845781.7,12157164518442.6,12029067638193.4,13041883635507.4,12100111368887.9,12670883046085.7,12940076638415.6,11154035847697.5,11480382665269.8,12211255427641.6,13235119780877.0,12995358448298.1
European Union (27),EUU,Adjusted net national income per capita (annual % growth),NY.ADJ.NNTY.PC.KD.ZG,3.22806923826488,1.65123794666388,1.14863263809519,-1.30902553444623,2.29919804657079,3.08635082039845,1.79649379419217,2.55263677992718,3.16911768353863,2.90451328798133,2.18062203667857,1.94799052894608,0.589042603236109,0.775025969530191,2.59303114100011,1.21841050872986,3.10325404790885,2.61657692261525,-1.17954907912747,-3.98505880323903,1.82937329277112,1.42032205637994,-1.12339467199909,0.218216418852805,1.48698367255741,2.51264071607102,2.60836017417397,2.42095248993526,1.73782437367736,1.97972186938391
European Union (27),EUU,Adjusted net national income per capita (constant 2015 US$),NY.ADJ.NNTY.PC.KD,18050.9656290759,18349.0300232825,18559.7929709038,18316.8405417743,18737.9809817042,19316.3008114592,19663.3169568045,20165.2500175976,20804.3105218351,21408.5744854146,21875.4145783823,22301.5455825369,22432.9111871982,22606.7720746206,23192.9727144904,23475.5583313306,24204.0645455169,24837.3825127498,24544.4133960413,23566.3040892989,23997.4197624018,24338.2604082493,24064.8456875657,24117.3591320276,24475.9803245729,25090.9737718656,25745.4367390434,26368.721530822,26826.9636006117,27358.0628659047
European Union (27),EUU,Adjusted net national income per capita (current US$),NY.ADJ.NNTY.PC.CD,13095.5638481829,13502.0199189508,14788.0324964458,13372.9306544507,14130.3047357636,16444.3364524905,16708.0466975535,15301.3309630714,15722.9889678883,15645.3235343205,14254.330309423,14420.5408131925,15620.5597586361,19140.1637961322,22040.7487681746,22900.3173355379,24437.3785275569,28085.2019807709,30641.5289613235,27572.4057655876,27243.9060633712,29590.4089216758,27413.2821682223,28636.7397839277,29172.1304742085,25090.9737718656,25770.3678286938,27368.0617792318,29614.3929705886,29059.5305447461
European Union (27),EUU,"Adjusted net savings, excluding particulate emission damage (% of GNI)",NY.ADJ.SVNX.GN.ZS,11.3284520359648,10.3835246598582,9.91313692324012,9.348482845772,10.0108323790446,11.2969671443762,11.0683268163189,11.6516266983599,11.7356890462022,11.4475631594011,11.0010889198703,10.8413886575677,10.5349161630633,10.1920682776921,10.9930811737398,10.7497324394232,11.5258203766188,12.1313148233313,10.7778860628013,7.98340980138991,8.50846631215816,9.24010740862213,8.76188517673035,9.00137163045392,9.70795626566838,10.3547302422487,10.7805569625779,11.4523286850617,11.720681435162,11.9727908073738
European Union (27),EUU,"Adjusted net savings, including particulate emission damage (% of GNI)",NY.ADJ.SVNG.GN.ZS,11.1738249555684,10.2353220464418,9.77527779370738,9.21272508457693,9.88322697428064,11.1753365006691,10.9519065101341,11.5402530591476,11.6291891113661,11.3473266975492,10.9062759602132,10.7487893110266,10.4445192083569,10.1046925749151,10.9105549343116,10.6680404818906,11.4466496926766,12.0527151492478,10.6984523922268,7.90215742433068,8.43031697032407,9.16518118577789,8.68858144378096,8.93179058679573,9.64238671026193,10.2917700789101,10.721630418637,11.3951304283585,11.6630788966376,11.9147306396902
European Union (27),EUU,Adjusted savings: carbon dioxide damage (% of GNI),NY.ADJ.DCO2.GN.ZS,0.602580543656818,0.614137440063429,0.593935122042879,0.678249656156712,0.6695719852284,0.623196139415781,0.65722488360344,0.72594137487702,0.729308700825244,0.746523714618745,0.862905115972046,0.896431099086208,0.852293697649237,0.745739560571338,0.67401987790452,0.676246939113768,0.676019785803904,0.61096230906617,0.562175865672471,0.587148322314191,0.633925726247068,0.588093856219641,0.650631470734793,0.628169671081935,0.61004013364004,0.746615828248925,0.748682049864245,0.741043835410873,0.701483390984443,0.738591264085706
European Union (27),EUU,Adjusted savings: consumption of fixed capital (% of GNI),NY.ADJ.DKAP.GN.ZS,15.4450734566489,15.6225118300988,15.6929490048374,16.0237998000547,15.8867088961201,15.6094099834473,15.5717217218052,15.5004214859965,15.4456858318908,15.4823898762777,15.6491618389501,15.8084133412637,15.9849936349576,16.0815534673199,15.9924337173905,16.1000055183479,15.978200551305,16.0091586155055,16.451699157038,17.3073917160988,17.2007431379341,17.1553941025397,17.4621825578147,17.4690273071527,17.3970982666702,17.4725655614929,17.3662894072061,17.2707884537882,17.3366767061381,17.4065707595604
European Union (27),EUU,Adjusted savings: education expenditure (% of GNI),NY.ADJ.AEDU.GN.ZS,4.05175494874319,4.08207865460082,4.3576879987217,4.65014995062777,4.77913565005492,4.71372247521287,4.79806095506721,4.89324409324703,4.57410664074748,4.53164642127927,4.49546650596327,4.59548061361131,4.57005483319734,4.65189545918323,4.61991460616181,4.56687543637556,4.52579285661683,4.4632020241722,4.58856033914169,4.89454790437278,4.85623184648695,4.75674754029972,4.81964733794271,4.74595174048803,4.71523213485072,4.69675049279927,4.65629567114935,4.62614690508824,4.61931381908473,4.61704006207401
European Union (27),EUU,Adjusted savings: energy depletion (% of GNI),NY.ADJ.DNGY.GN.ZS,0.0975636232581001,0.0682605865420115,0.0520080655813344,0.0544662068959287,0.0429580721060575,0.0420245696022154,0.0538584319715394,0.0508310205104365,0.0193547603232518,0.0283660923890205,0.0927301600983236,0.114731492415757,0.0959789582031452,0.0852578750517208,0.0963956588945566,0.109885675855713,0.13490039525292,0.123153857945057,0.188412010565036,0.120850160793097,0.1326938067788,0.173061136411309,0.168901465303086,0.144456742590235,0.104585536072526,0.0607745618717892,0.0394245838466645,0.0538398157288592,0.073422352519062,0.0548468624107035
European Union (27),EUU,Adjusted savings: gross savings (% of GNI),NY.ADJ.ICTR.GN.ZS,23.4536951979049,22.6280927128567,21.9140161135034,21.4733289819674,21.8520683089544,22.8810295290782,22.5728120408062,23.0558346807072,23.3702700966158,23.1869688828895,23.1297836223931,23.0724821361708,22.903629780316,22.458620085737,23.1451420036951,23.0806797479734,23.818500454319,24.4416375009777,23.4074727893876,21.1160562538406,21.6741106199522,22.4702211975105,22.2479994039656,22.5139517472774,23.1184505244068,23.94974063755,24.2906043877202,24.9106915027736,25.2341509002737,25.578685678078
European Union (27),EUU,Adjusted savings: mineral depletion (% of GNI),NY.ADJ.DMIN.GN.ZS,0.0116753462968408,0.0062176130710179,0.0054894508129375,0.0037356232550953,0.0064683698950088,0.0071989057820969,0.0034476899758255,0.0056211234111273,0.0018442119616484,0.0018494574754289,0.003376860959979,0.0012612221285916,0.0012547138551585,0.0013780024896543,0.0054670796406037,0.0078015521404066,0.0243886910498423,0.024481046458134,0.0102254556893449,0.0070137980623683,0.0491487617211934,0.0665433192185362,0.0203319394404653,0.0131775416299297,0.0101949398196915,0.0079163557296614,0.0081932544890609,0.0146422587876156,0.0159619043166271,0.016564053711249
European Union (27),EUU,Adjusted savings: natural resources depletion (% of GNI),NY.ADJ.DRES.GN.ZS,0.129392031094356,0.0900310941065487,0.070623629988473,0.0729716127499196,0.064112493038163,0.0652016280554956,0.0736263176583884,0.0711177713939397,0.033703970969748,0.0421548137886433,0.112147069879681,0.121795715826962,0.101536767275857,0.0912028282584527,0.105577301298921,0.121633146169851,0.164333947568506,0.153479452608691,0.204381702009914,0.132725646627532,0.187314248279475,0.243516181539684,0.193063636177476,0.161437695325686,0.11866854766951,0.0726326713132457,0.0514076888348973,0.0727337211811917,0.094702222861637,0.0778389757498087
European Union (27),EUU,Adjusted savings: net forest depletion (% of GNI),NY.ADJ.DFOR.GN.ZS,0.0201051408225758,0.0155192378241301,0.0141855457104152,0.0147448004607928,0.0146642566151517,0.0159552616675629,0.0162934521985752,0.0146370707991979,0.012494186160196,0.0119230040068362,0.0159872325057035,0.0057369373201686,0.004247445784932,0.0045183617955147,0.0036591022869459,0.0038830594679357,0.0049635109054213,0.0057688728436928,0.0056345767630801,0.0047903595550697,0.0053647215997819,0.0037689147989096,0.0037141318849055,0.0037005948567829,0.0038075173867137,0.0038885807573474,0.0037538008856185,0.0041953590846495,0.0052389302382026,0.0063619930101172
European Union (27),EUU,Adjusted savings: net national savings (% of GNI),NY.ADJ.NNAT.GN.ZS,8.00862174125596,7.00558088275795,6.22106710866598,5.44952918191276,5.96535941283426,7.27161954563096,7.00109031900104,7.55541319471067,7.92458426472505,7.70457900661183,7.48062178344305,7.26406879490714,6.91863614535839,6.3770666184171,7.15270828630463,6.98067422962548,7.84029990301402,8.43247888547217,6.95577363234957,3.80866453774186,4.47336748201806,5.31482709497081,4.78581684615088,5.04492444012477,5.72135225773663,6.47717507605711,6.92431498051417,7.63990304898548,7.89747419413562,8.17211491851758
European Union (27),EUU,Adjusted savings: particulate emission damage (% of GNI),NY.ADJ.DPEM.GN.ZS,0.154627080396388,0.148202613416399,0.137859129532731,0.135757761195072,0.127605404763927,0.121630643707119,0.116420306184743,0.111373639212354,0.106499934836079,0.1002364618519,0.0948129596570395,0.0925993465411017,0.0903969547063329,0.087375702777041,0.0825262394282184,0.0816919575326329,0.0791706839422135,0.0785996740835019,0.0794336705744837,0.0812523770592379,0.0781493418340932,0.0749262228442439,0.0733037329493869,0.0695810436581888,0.0655695554064552,0.0629601633385873,0.0589265439408834,0.0571982567032025,0.057602538524447,0.0580601676835869
European Union (27),EUU,"Adolescent fertility rate (births per 1,000 women ages 15-19)",SP.ADO.TFRT,20.6501830788581,20.0646409464218,19.4988574192754,18.7228500633524,17.8908741315147,16.9772584328407,15.9932360682709,14.9521081676115,14.6525778004221,14.3683732007989,14.1152565065423,13.8332438131813,13.5823978575519,13.5700796742683,13.542066487257,13.4697995137457,13.3102742964251,13.0913370455691,12.5136223634438,11.9795884599646,11.4897172242819,11.0092632619744,10.5414649750327,10.2445804915971,9.9608352823673,9.68721172605404,9.41033082645645,9.14351008707404,8.92777695452575,8.73942238775142
European Union (27),EUU,Adolescents out of school (% of lower secondary school age),SE.SEC.UNER.LO.ZS,3.4153299331665,3.33923006057739,3.4466700553894,3.41001009941101,2.84916996955872,2.78145003318787,2.89738988876343,3.01830005645752,2.5855700969696,2.64264011383057,2.42770004272461,2.45210003852844,2.21938991546631,2.08579993247986,1.94233000278473,1.32705998420715,1.70405995845795,2.63127994537354,2.58292007446289,2.54171991348267,2.57961010932922,3.13852000236511,3.05404996871948,2.60584998130798,2.82465004920959,2.54079008102417,2.47238993644714,2.41985011100769,2.48531007766724,2.50110006332397
European Union (27),EUU,"Adolescents out of school, female (% of female lower secondary school age)",SE.SEC.UNER.LO.FE.ZS,4.05178022384644,3.96336007118225,4.06532001495361,4.08793020248413,3.70332002639771,3.61384010314941,3.68989992141724,3.74328994750977,3.07817006111145,2.9200599193573,2.57796001434326,2.45695996284485,2.13615989685059,1.99093997478485,1.86932003498077,1.27325999736786,1.59891998767853,2.54523992538452,2.53939008712769,2.5010199546814,2.52863001823425,3.13702011108398,3.02649998664856,2.56926989555359,2.7427499294281,2.41278004646301,2.32459998130798,2.30268001556396,2.34200000762939,2.32136011123657
European Union (27),EUU,"Adolescents out of school, male (% of male lower secondary school age)",SE.SEC.UNER.LO.MA.ZS,2.80832004547119,2.74392008781433,2.85648989677429,2.7632999420166,2.03450989723206,1.98784995079041,2.14206004142761,2.32715010643005,2.11591005325317,2.37826991081238,2.28456997871399,2.44746994972229,2.2985999584198,2.17603993415833,2.01175999641418,1.37821996212006,1.80411994457245,2.71315002441406,2.62431001663208,2.58038997650146,2.62806010246277,3.13994002342224,3.08024001121521,2.64058995246887,2.90232992172241,2.66214990615845,2.61240005493164,2.53080010414124,2.62091994285584,2.67101001739502
European Union (27),EUU,Age dependency ratio (% of working-age population),SP.POP.DPND,49.1847722241785,49.2049800351422,49.142192046772,49.0250495684343,48.8932832757716,48.7610401720565,48.6941777122496,48.6180871322633,48.536140953688,48.4560600622273,48.3957023846143,48.3847580749475,48.3947812365445,48.4180736250735,48.4399051981109,48.4520609995118,48.636506130308,48.7917151540228,48.9585530853181,49.1891399227146,49.5218291471829,50.0771016898196,50.6705091984925,51.3121183794307,51.9954001803383,52.7047132383801,53.3257697604751,53.997879316619,54.6903099112575,55.3584319146302
European Union (27),EUU,"Age dependency ratio, old (% of working-age population)",SP.POP.DPND.OL,20.1283078824687,20.5035764977253,20.8382724148965,21.1371858699609,21.4156594318247,21.6838668249587,22.0382576744381,22.3608558665757,22.6649660438177,22.9684218074516,23.2881049635884,23.6371265399333,23.9933759160906,24.3407235870446,24.6523439263132,24.9152682060673,25.2265460876555,25.4793598148745,25.7165253138352,26.0002436489098,26.3778109055938,26.8479316077696,27.4111765131506,28.0430669232359,28.7013135876225,29.3575503437954,29.9708424391963,30.5735052194179,31.1696232567652,31.7678055162667
European Union (27),EUU,"Age dependency ratio, young (% of working-age population)",SP.POP.DPND.YG,28.9650149156616,28.6205534324025,28.2325115488266,27.8233385792218,27.4175175622109,27.0205348137188,26.6013858880693,26.2049612639988,25.8203945336102,25.4362954924664,25.0531717752865,24.686999103408,24.3324462877961,23.998040051973,23.696273446145,23.4331505830547,23.2969028158238,23.1919180415487,23.1159405042019,23.0578382390439,23.0080929953751,23.0952704039399,23.1245042235231,23.1315210924626,23.1559238043014,23.2134107607305,23.2269625248244,23.3080718406299,23.418195233054,23.4992648196746
European Union (27),EUU,Agricultural land (% of land area),AG.LND.AGRI.ZS,48.5187443070989,47.6123580810314,47.0386681193296,47.1251573540719,47.0248504463862,46.6047850516255,46.5133508905593,46.3648175672196,46.2253487187358,46.1687770843041,45.7177930123408,45.1509854366759,44.7004291785379,44.244347281761,43.968056347201,43.9512308835554,43.5333790463458,42.9925518174411,43.2040444733542,42.9398758160848,42.544670870421,42.3054072653689,42.1280986494712,41.8380840416521,41.4065949470426,41.3647741440947,41.118261115112,41.0973307113471,40.9415465483986,
European Union (27),EUU,Agricultural land (sq. km),AG.LND.AGRI.K2,1762063.0,1729198.0,1822834.0,1885257.0,1881263.0,1864444.0,1860828.0,1854844.0,1849246.0,1846969.0,1828630.8,1805720.2,1787169.2,1769138.1,1757998.1,1757197.9,1740204.6,1718563.2,1726780.2,1716614.2,1701387.0,1691757.7,1682427.2,1671421.5,1654717.51,1652794.99,1643106.52,1642261.274,1637507.299,
European Union (27),EUU,"Agricultural machinery, tractors",AG.AGR.TRAC.NO,8308447.0,8288677.0,8346057.0,8460115.0,8591277.0,8598727.0,8570588.0,8536634.0,8517635.0,8497994.0,8500717.5,7586884.0,7713934.0,5927009.0,5908292.0,5972621.0,,,,,,,,,,,,,,
European Union (27),EUU,"Agricultural machinery, tractors per 100 sq. km of arable land",AG.LND.TRAC.ZS,798.932922285164,802.426153393381,759.748445421104,739.578079063843,755.587304853949,766.992240635734,762.688323037302,760.923558533103,766.49271809713,766.418438788845,772.117458763552,792.233466324498,813.728864783668,697.450666942807,698.132681901072,708.104871141159,,,,,,,,,,,,,,
European Union (27),EUU,Agricultural methane emissions (% of total),EN.ATM.METH.AG.ZS,49.9036837645553,49.3523443748835,48.6967183355259,47.5751535433285,47.472324892131,47.1177314222354,47.2728405683246,47.7694757667913,48.1212257595365,48.3900156180421,48.9045078566665,48.8001998930429,49.3218794911473,49.1555671008269,50.0661908002868,50.5247709091461,51.0100019567237,51.8374050256007,52.1616186378783,,,,,,,,,,,
European Union (27),EUU,Agricultural methane emissions (thousand metric tons of CO2 equivalent),EN.ATM.METH.AG.KT.CE,300160.0,288010.0,275170.0,262570.0,257060.0,252270.0,251060.0,249950.0,245930.0,243980.0,243020.0,238100.0,235410.0,231650.0,229520.0,227120.0,225260.0,226360.0,225340.0,223680.0,221500.0,216850.0,216090.0,215750.0,217550.0,219300.0,219540.0,218570.0,213560.0,211910.0
European Union (27),EUU,Agricultural nitrous oxide emissions (% of total),EN.ATM.NOXE.AG.ZS,63.3481871716963,63.2258046472688,61.3794836175395,61.1345949404451,60.31122400799,59.715854543201,59.3956741604648,60.166459944277,64.5716348705936,67.0101048267066,66.2451972857173,65.9251022942902,67.1269281074274,66.699470959648,66.7005894368968,66.5136731677294,68.2917835963401,68.7610769183625,71.1882321225699,,,,,,,,,,,
European Union (27),EUU,Agricultural nitrous oxide emissions (thousand metric tons of CO2 equivalent),EN.ATM.NOXE.AG.KT.CE,212230.0,201630.0,188650.0,185640.0,185690.0,183200.0,187700.0,187300.0,186570.0,185830.0,181750.0,180160.0,180210.0,178890.0,179970.0,175070.0,172730.0,176650.0,173560.0,168090.0,171260.0,169350.0,169650.0,172860.0,175540.0,177160.0,175560.0,175870.0,170630.0,172460.0
European Union (27),EUU,Agricultural raw materials exports (% of merchandise exports),TX.VAL.AGRI.ZS.UN,2.36059292837234,2.22855919114316,2.32433881446001,2.1449186494023,2.3850052158479,2.33145677101569,2.07366394702862,1.97165598242789,1.89133254344171,1.80286971706353,1.76653803595597,1.62452627584127,1.65381875389305,1.64249483459852,1.53460266169519,1.46963554480823,1.43747852306267,1.43701539561291,1.31842901570103,1.40944516221607,1.50021849224256,1.54405430674743,1.509240156293,1.53552021555583,1.50779748865878,1.50586723624828,1.48939708260456,1.42567387097469,1.4323194150548,1.39290259795244
European Union (27),EUU,Agricultural raw materials imports (% of merchandise imports),TM.VAL.AGRI.ZS.UN,3.17532113515296,2.79959489167487,2.80177851048704,2.58882345945591,2.86334206925622,2.9802273495585,2.52565461817173,2.46289669520378,2.32221344962135,2.0896495084123,2.08155745384206,1.93619145947674,1.91152115538677,1.8232510021147,1.69480408603521,1.62590165357451,1.55013969289172,1.55735989507853,1.4498007108772,1.44326807626573,1.59297167901889,1.66453234570277,1.55981751419524,1.57341967408688,1.5357732438872,1.53325321303448,1.51682982714796,1.43583450988191,1.43348618852199,1.35130794443839
European Union (27),EUU,"Agriculture, forestry, and fishing, value added (% of GDP)",NV.AGR.TOTL.ZS,,,,,,2.55063402222769,2.56485572254187,2.52650006645612,2.40450300681989,2.25491534612222,2.20366117207863,2.2295952312421,2.07202740415792,2.00328697449566,2.01334507581255,1.76922680089407,1.67307689149682,1.70733516038087,1.66161763390932,1.51948117710996,1.64197302897361,1.71568959687455,1.69556121745959,1.73742036556234,1.70011720031739,1.63131372304936,1.58791506416048,1.69372603478629,1.60979914679009,1.59067721104236
European Union (27),EUU,"Agriculture, forestry, and fishing, value added (annual % growth)",NV.AGR.TOTL.KD.ZG,,,,,,,3.41112148642591,1.85883199083835,-0.685842338249259,2.47382745026266,-0.35398735454288,-0.500073107544523,0.0639937455840283,-2.9349720241748,12.4277123417242,-7.50701802637887,-0.643126086173197,1.66517151585808,5.11414276972324,0.545385810480269,-2.64484007701951,2.77752510947214,-4.95694334235391,3.34211541345407,5.20426691369435,-0.710448752592612,-1.23439595779004,2.1340062382871,-0.36762255924198,1.19472816112666
European Union (27),EUU,"Agriculture, forestry, and fishing, value added (constant 2015 US$)",NV.AGR.TOTL.KD,,,,,,187913469225.934,194323425950.588,197935571957.851,196578046002.908,201441047666.118,200727971830.521,199724185224.077,199851996211.039,193986396032.49,218094467313.486,201722076337.728,200424749043.23,203762164875.028,214182852897.415,215350975785.6,209655286871.77,215478515107.969,204797367199.121,211641931574.631,222656342595.073,221074483386.538,218345548899.91,223005056534.456,222185239638.385,224839749266.212
European Union (27),EUU,"Agriculture, forestry, and fishing, value added (current US$)",NV.AGR.TOTL.CD,,,,,,211601261972.243,216256272748.577,195393488007.037,191633745148.495,178718978753.691,160340599925.825,164852320907.992,167499345108.572,198964060193.168,229904402426.582,210729890148.523,212713729603.677,251469311591.334,270804264750.982,224332895492.829,239032516290.682,270384005194.471,248165735448.212,265820664433.837,266104020851.615,221074483386.538,220612339877.946,250100211310.056,257225297987.981,249606689132.519
European Union (27),EUU,"Agriculture, forestry, and fishing, value added per worker (constant 2015 US$)",NV.AGR.EMPL.KD,,,,,,10558.954527832,11414.5430513735,11488.1372539597,11667.9618860218,12164.2078765214,12457.8094578206,12723.4600204344,13887.2072774057,13765.322724292,16716.7490342818,15673.2588258371,16055.5341760131,16887.7993985826,19070.8658780055,19555.9323059111,18929.8261161042,20251.1241038582,19426.3037894063,20690.2866312872,22181.6001645698,22725.8374515794,23318.838963494,24006.4003788209,24500.8824593457,25475.6804866885
European Union (27),EUU,"Air transport, freight (million ton-km)",IS.AIR.GOOD.MT.K1,13748.6001996994,13458.300224304,13806.5998699218,14663.5999949576,16699.399787456,18264.8999757841,19068.3997821956,22106.0000105649,21585.6738319418,22885.819190148,25835.769,24634.249,25092.52,25603.637,28148.217,28167.902,29420.617,30725.412,30132.465,34070.615,28433.3720666828,28817.9172470275,27174.3444145666,27629.6599030041,28069.7275396056,27877.856739033,28190.7246255883,31533.7002135479,31732.3196496518,33472.6583029023
European Union (27),EUU,"Air transport, passengers carried",IS.AIR.PSGR,157891000.0,150528000.0,164292000.0,169958600.0,182625300.0,193536844.1,213329200.0,235129900.0,245065100.0,266190600.0,288449342.0,286388891.0,287161373.0,317807082.0,347767674.0,359471494.0,390742949.0,425646377.0,427781328.0,419908189.0,442721426.227712,468821255.254482,465108859.984834,471018726.082448,490844607.776732,529467494.0,565289154.0,605233486.0,640084500.268714,803722562.562
European Union (27),EUU,"Air transport, registered carrier departures worldwide",IS.AIR.DPRT,2235100.0,2235100.0,2473800.0,2611700.0,2733400.0,2858600.0,3106900.0,3461900.0,3625800.0,3885000.0,4149031.0,4140156.0,3991441.0,4139732.0,4413329.0,4431467.0,4657953.0,4917391.0,4959760.0,4827314.0,4676663.80537932,4790933.68782131,4615569.45348967,4449114.909,4483220.19764928,4623877.0,4818987.0,4885812.0,5030659.9394902,6460716.923
European Union (27),EUU,Alternative and nuclear energy (% of total energy use),EG.USE.COMM.CL.ZS,14.8355522282983,15.3140809375275,15.8065696251156,16.3154705133139,16.4270316661134,16.258649032251,16.4838992088474,16.7923176004463,16.6640113201137,17.1227036296654,17.369044612908,17.5492116798623,17.5549684415258,17.3139913151141,17.5991545255368,17.3351222280753,17.3257556145208,17.059519211696,17.4853429581756,17.668313280486,17.8953654744811,18.2845762389389,18.5222205674202,19.1346490296625,20.1614560597748,19.7781662064834,,,,
European Union (27),EUU,"Annual freshwater withdrawals, agriculture (% of total freshwater withdrawal)",ER.H2O.FWAG.ZS,,,,,,,,,,,,,,,,,,,,,,,,,,,,31.7213475135724,,
European Union (27),EUU,"Annual freshwater withdrawals, domestic (% of total freshwater withdrawal)",ER.H2O.FWDM.ZS,,,,,,,,,,,,,,,,,,,,,,,,,,,,19.6877421177412,,
European Union (27),EUU,"Annual freshwater withdrawals, industry (% of total freshwater withdrawal)",ER.H2O.FWIN.ZS,,,,,,,,,,,,,,,,,,,,,,,,,,,,48.5909103692912,,
European Union (27),EUU,"Annual freshwater withdrawals, total (% of internal resources)",ER.H2O.FWTL.ZS,,,,,,,,,,,,,,,,,,,,,,,,,,,,14.3977103954428,,
European Union (27),EUU,"Annual freshwater withdrawals, total (billion cubic meters)",ER.H2O.FWTL.K3,,,,,,,,,,,,,,,,,,,,,,,,,,,,195.7715,,
European Union (27),EUU,Aquaculture production (metric tons),ER.FSH.AQUA.MT,988944.0,981976.0,957032.0,934993.0,1024003.0,1093812.0,1123350.0,1128071.0,1244942.0,1280550.0,1253092.0,1225644.0,1102677.0,1171020.0,1115246.0,1099626.0,1127261.1875,1143389.40625,1071281.05859375,1112413.57244873,1063378.80773926,1046743.99050903,1011590.57592773,985827.968933105,1040783.62524414,1052810.11138916,1096928.9420166,1136637.67474365,1167494.41717529,
European Union (27),EUU,Arable land (% of land area),AG.LND.ARBL.ZS,28.6350309330355,28.4416709390813,28.3478040515258,28.5939720017238,28.4217606882216,28.0236277984333,28.0889119519116,28.0431501531542,27.7777138969059,27.7165544465753,27.5252604927768,26.8994444768113,26.6597308773686,26.4195787336601,26.3798444009321,26.2714119312277,26.0999804122827,25.5561995931806,25.7335902187003,25.6780859709937,25.4308074682147,25.3808682152863,25.4612688050004,25.105746562395,25.0706584667446,25.0043712447676,24.9084095681871,24.8979487273747,24.7382225246264,
European Union (27),EUU,Arable land (hectares per person),AG.LND.ARBL.HA.PC,0.266817673221594,0.264096203104971,0.269943615538332,0.269826190980396,0.267539567959573,0.263295179197509,0.2634888047353,0.262661941028379,0.259828510723169,0.258830951487236,0.256437992620021,0.250243903387638,0.247372512917094,0.244302631291578,0.243009562956563,0.241136622491213,0.238747383869875,0.23298623275693,0.233820241170597,0.232818202774263,0.230332647264414,0.230281686620893,0.230364807367948,0.226675210442599,0.225866272161403,0.224744850260085,0.22342986865205,0.222985144520694,0.221392268960929,
European Union (27),EUU,Armed forces personnel (% of total labor force),MS.MIL.TOTL.TF.ZS,1.8121450947453,1.73273216611612,1.63346275549401,1.55613384604182,1.5542784693606,1.83390474444489,1.78627521309878,1.69208906585812,1.64061982540755,1.55651865112777,1.43614220770464,1.34880430595215,1.32180422487273,1.25593817839265,1.17724547732028,1.17382922555634,1.10675082934984,1.08082323879824,1.07051670268482,0.979529918919682,0.99292249603429,0.949452976874051,0.953099200228584,0.941105024364221,0.933186847959895,0.924351191522047,0.91369017153808,0.886539419293859,0.88446450980221,0.877101836211776
European Union (27),EUU,"Armed forces personnel, total",MS.MIL.TOTL.P1,3207000.0,3109000.0,3046000.0,3013000.0,3012000.0,3557200.0,3471450.0,3304110.0,3227500.0,3086780.0,2862000.0,2691900.0,2647500.0,2536700.0,2392112.0,2412862.0,2294862.0,2257862.0,2254962.0,2069093.0,2101107.0,2004680.0,2025550.0,2005400.0,1995100.0,1979130.0,1967550.0,1919000.0,1919805.0,1910000.0
European Union (27),EUU,Arms exports (SIPRI trend indicator values),MS.MIL.XPRT.KD,5507000000.0,5259000000.0,3929000000.0,3986000000.0,5610000000.0,4074000000.0,5412000000.0,6279000000.0,6705000000.0,5464000000.0,3764000000.0,3929000000.0,3557000000.0,4591000000.0,4446000000.0,6278000000.0,7899000000.0,8967000000.0,6840000000.0,7248000000.0,5566000000.0,6955000000.0,4645000000.0,5252000000.0,6358000000.0,6446000000.0,6775000000.0,7293000000.0,5231000000.0,6077000000.0
European Union (27),EUU,Arms imports (SIPRI trend indicator values),MS.MIL.MPRT.KD,5473000000.0,4836000000.0,4982000000.0,4295000000.0,4454000000.0,3013000000.0,3020000000.0,3175000000.0,4372000000.0,3350000000.0,2635000000.0,2264000000.0,1893000000.0,4144000000.0,3534000000.0,2475000000.0,3732000000.0,5224000000.0,3360000000.0,3679000000.0,3064000000.0,1603000000.0,1691000000.0,1657000000.0,1456000000.0,1995000000.0,2112000000.0,1633000000.0,1272000000.0,1722000000.0
European Union (27),EUU,"Automated teller machines (ATMs) (per 100,000 adults)",FB.ATM.TOTL.P5,,,,,,,,,,,,,,,59.38,63.52,67.175,70.39,80.01,80.24,78.61,74.79,73.01,68.44,65.12,68.65,69.96,67.77,66.315,65.68
European Union (27),EUU,"Binding coverage, all products (%)",TM.TAX.MRCH.BC.ZS,,,,,,100.0,100.0,100.0,100.0,100.0,100.0,100.0,100.0,100.0,100.0,100.0,100.0,100.0,100.0,100.0,100.0,100.0,100.0,100.0,100.0,100.0,100.0,99.98,99.98,99.98
European Union (27),EUU,"Binding coverage, manufactured products (%)",TM.TAX.MANF.BC.ZS,,,,,,100.0,100.0,100.0,100.0,100.0,100.0,100.0,100.0,100.0,100.0,100.0,100.0,100.0,100.0,100.0,100.0,100.0,100.0,100.0,100.0,100.0,100.0,100.0,100.0,100.0
European Union (27),EUU,"Binding coverage, primary products (%)",TM.TAX.TCOM.BC.ZS,,,,,,100.0,100.0,100.0,100.0,100.0,100.0,100.0,100.0,100.0,100.0,100.0,100.0,100.0,100.0,100.0,100.0,100.0,100.0,100.0,100.0,100.0,100.0,99.92,99.92,99.92
European Union (27),EUU,"Bird species, threatened",EN.BIR.THRD.NO,,,,,,,,,,,,,,,,,,,,,,,,,,,,,314.0,
European Union (27),EUU,"Birth rate, crude (per 1,000 people)",SP.DYN.CBRT.IN,12.1642425317097,11.7881790658025,11.4960661821273,11.1993333423654,10.8233853982671,10.5156155227131,10.5155640467687,10.4918795937666,10.3539533574217,10.3215639285914,10.4616211872313,10.2197533635071,10.1423792251106,10.1576181961445,10.2617490176095,10.2298606575912,10.3427963585833,10.3921145146796,10.6377615110093,10.4777049401845,10.446584063118,10.1462484829749,10.0315765823146,9.74857179994491,9.85827802751576,9.74187513759079,9.83970228793507,9.71672355167374,9.50739024201225,9.32643607407998
European Union (27),EUU,Births attended by skilled health staff (% of total),SH.STA.BRTC.ZS,,,,,,,,,,,99.3663998710183,,,,,,,,,,98.905960007019,,,,,,,,98.8749924792451,
European Union (27),EUU,"Bound rate, simple mean, all products (%)",TM.TAX.MRCH.BR.ZS,,,,,,4.09,6.16,6.09,6.07,6.08,6.1,6.32,6.24,6.24,6.09,6.27,6.23,6.16,5.93,5.9,5.88,5.83,6.02,5.92,5.9,4.39,4.39,4.39,4.39,4.39
European Union (27),EUU,"Bound rate, simple mean, manufactured products (%)",TM.TAX.MANF.BR.ZS,,,,,,3.98,4.19,4.19,4.19,4.19,4.21,4.21,4.23,4.23,4.24,4.24,4.24,4.2,4.19,4.19,4.19,4.19,4.17,4.15,4.15,3.99,3.99,4.0,4.0,4.0
European Union (27),EUU,"Bound rate, simple mean, primary products (%)",TM.TAX.TCOM.BR.ZS,,,,,,4.57,13.02,12.72,12.64,12.66,12.7,13.72,13.24,13.24,12.52,13.31,13.16,12.86,11.88,11.71,11.66,11.45,11.48,11.14,11.06,5.76,5.76,5.75,5.75,5.75
European Union (27),EUU,Business extent of disclosure index (0=less disclosure to 10=more disclosure),IC.BUS.DISC.XQ,,,,,,,,,,,,,,,,5.18518518518519,5.37037037037037,5.37037037037037,5.37037037037037,5.44444444444444,5.51851851851852,5.74074074074074,6.0,6.14814814814815,6.11111111111111,6.11111111111111,6.18518518518519,6.18518518518519,6.22222222222222,6.2962962962963
European Union (27),EUU,Capture fisheries production (metric tons),ER.FSH.CAPT.MT,7302335.21875,7465607.8125,7090987.25,6694123.3046875,6928397.6015625,7288707.08496094,6657817.57421875,6729797.9296875,6472341.9140625,6130232.72265625,6097232.41601563,6205506.1484375,5865091.03125,5393438.30859375,5402391.33203125,5193204.62109375,5186560.69238281,4787535.13366699,4681552.27648926,4741021.1809082,4884176.72265625,4606544.56213379,4097497.34814453,4456799.58709717,4749808.19921875,4692707.99356079,4573916.81588745,4957735.25750732,4789538.56530762,
European Union (27),EUU,"Cause of death, by communicable diseases and maternal, prenatal and nutrition conditions (% of total)",SH.DTH.COMM.ZS,,,,,,,,,,,4.5950469765656,,,,,,,,,,4.52438370557023,,,,,5.24348918591084,,,,5.55195008480708
European Union (27),EUU,"Cause of death, by injury (% of total)",SH.DTH.INJR.ZS,,,,,,,,,,,5.52121604093498,,,,,,,,,,4.82419169613755,,,,,4.50523029570101,,,,4.62456410600078
European Union (27),EUU,"Cause of death, by non-communicable diseases (% of total)",SH.DTH.NCOM.ZS,,,,,,,,,,,89.883736745672,,,,,,,,,,90.6514243885462,,,,,90.2512808951488,,,,89.823485545283
European Union (27),EUU,Cereal production (metric tons),AG.PRD.CREL.MT,231790823.0,246587542.0,214941995.0,231859434.0,231551870.0,238180846.0,255778706.0,271391503.0,269620690.0,257160321.0,256044372.0,268748934.0,269371970.0,232621590.0,306271156.0,269828444.0,252215991.0,246391408.0,296193333.0,280518297.0,263420029.0,273333537.0,265402640.0,289480200.0,309118260.0,293720773.0,280560198.0,288816894.0,274220933.0,
European Union (27),EUU,Cereal yield (kg per hectare),AG.YLD.CREL.KG,4198.24085000481,4420.46087946034,3766.33505446647,3997.10057670741,4010.50721707986,4126.9958025927,4400.75487548501,4492.8699331982,4548.84952778442,4540.88612828399,4397.74854597764,4556.36528048616,4605.36171647603,4144.74489610358,5238.28950887961,4711.52979671837,4562.01292024807,4491.05811137134,5105.97295300045,4969.02272938324,4916.01472752947,5061.00764840411,4821.25130486836,5253.38897627744,5608.16744153179,5374.14537568062,5189.80067936304,5499.54664946961,5239.90566380525,
European Union (27),EUU,"Charges for the use of intellectual property, payments (BoP, current US$)",BM.GSR.ROYL.CD,11395084018.512,11675872828.3318,12174932732.9546,11918516227.1882,12593530899.2407,15021489543.2273,15126547330.0337,15209863543.1172,16168701618.7526,18305314500.073,17283500054.2714,16908937546.4095,18315587504.2957,22376967113.8787,46306353464.0769,73598226731.5505,79847269317.4808,92160471957.8811,116787823506.203,108140581400.981,111222780086.287,120972671995.491,114511963509.297,131732265249.351,161521514401.601,200398268495.447,172041055828.968,185445342473.898,202332453730.145,207862223481.67
European Union (27),EUU,"Charges for the use of intellectual property, receipts (BoP, current US$)",BX.GSR.ROYL.CD,6176176098.69681,5837407134.71706,6316769603.11463,6603962299.84346,7705898301.0569,8622885196.52553,9117428825.80525,9021127157.09219,10154811915.2318,12808027310.0696,12773267100.1955,13358678206.2496,16476498683.3945,19152248417.6961,39111790910.9836,46577505958.6548,47960358689.3781,61027662475.2967,71611508936.4984,68021673381.4609,71704005551.4773,82457194484.9174,81622795656.2338,94192943063.3064,111845103391.991,111591071008.923,108526483934.446,122499568718.918,141362977416.637,142381834624.89
European Union (27),EUU,Children out of school (% of primary school age),SE.PRM.UNER.ZS,4.38123989105225,4.68265008926392,4.964280128479,4.44910001754761,3.96983003616333,3.56791996955872,3.03291988372803,2.50904989242554,1.10130000114441,1.48022997379303,1.53398001194,1.55483996868134,2.07700991630554,2.12416005134583,2.25183010101318,1.68996000289917,1.6913800239563,1.71394002437592,1.53636002540588,1.6666100025177,1.54619002342224,1.43367004394531,1.44827997684479,1.36799001693726,1.61523997783661,1.45691001415253,1.45836997032166,1.63379001617432,1.81547999382019,1.87814998626709
European Union (27),EUU,"Children out of school, female (% of female primary school age)",SE.PRM.UNER.FE.ZS,4.38210010528564,4.62906980514526,4.91510009765625,4.39946985244751,4.02735996246338,3.59389996528625,3.05411005020142,2.51058006286621,1.14731001853943,1.54147005081177,1.5947699546814,1.55801999568939,2.07321000099182,2.16975998878479,2.30486011505127,1.79268002510071,1.75931000709534,1.75926005840302,1.65671002864838,1.75226998329163,1.64072000980377,1.49136996269226,1.41980004310608,1.33984005451202,1.56992995738983,1.41263997554779,1.3897500038147,1.58273005485535,1.73127996921539,1.76689994335175
European Union (27),EUU,"Children out of school, male (% of male primary school age)",SE.PRM.UNER.MA.ZS,4.38042020797729,4.73365020751953,5.01107978820801,4.49632978439331,3.91509008407593,3.54319000244141,3.01274991035461,2.5075900554657,1.05752003192902,1.42197000980377,1.47616004943848,1.55182003974915,2.0806200504303,2.08080005645752,2.20142006874084,1.5922600030899,1.62674999237061,1.67084002494812,1.42190003395081,1.58513998985291,1.45625996589661,1.37880003452301,1.4753600358963,1.39472997188568,1.65828001499176,1.49893999099731,1.52347004413605,1.68222999572754,1.89533996582031,1.98361003398895
European Union (27),EUU,"Children out of school, primary",SE.PRM.UNER,1380171.0,1467568.0,1546900.0,1379454.0,1225712.0,1096786.0,941766.0,778349.0,338095.0,450591.0,459605.0,458372.0,603840.0,609492.0,638074.0,473480.0,468596.0,472352.0,420521.0,453783.0,419350.0,388999.0,392888.0,375755.0,448090.0,409188.0,414718.0,470182.0,525908.0,544862.0
European Union (27),EUU,"Children out of school, primary, female",SE.PRM.UNER.FE,673208.0,707530.0,746888.0,665164.0,606347.0,538721.0,462434.0,379778.0,171744.0,228768.0,232919.0,223848.0,293782.0,303450.0,318323.0,244819.0,237633.0,236311.0,221040.0,232575.0,216933.0,197248.0,187697.0,179286.0,212144.0,193221.0,192393.0,221741.0,244133.0,249453.0
European Union (27),EUU,"Children out of school, primary, male",SE.PRM.UNER.MA,706963.0,760038.0,800012.0,714289.0,619365.0,558065.0,479331.0,398571.0,166351.0,221823.0,226686.0,234525.0,310059.0,306041.0,319751.0,228661.0,230963.0,236041.0,199481.0,221208.0,202418.0,191751.0,205191.0,196469.0,235946.0,215967.0,222325.0,248441.0,281774.0,295409.0
European Union (27),EUU,"Claims on central government, etc. (% GDP)",FS.AST.CGOV.GD.ZS,,,,,,,,,,,,9.42248144178435,8.56159065241017,8.2498836112825,7.51578742236922,7.1790762830638,6.2242786352155,6.55153580898291,5.51910381849193,7.51318030419716,9.72965640562763,9.51123278923566,11.7776024423993,12.1232089587583,12.5794545219834,14.8748031312402,18.4015442077684,19.6254133616228,19.6466448486836,19.2248758867152
European Union (27),EUU,CO2 emissions (kg per 2015 US$ of GDP),EN.ATM.CO2E.KD.GD,0.393898001478295,0.382478634994569,0.365817678776594,0.361388021882948,0.350759634496898,0.347138008530678,0.350522720710329,0.334736864122839,0.324171169212167,0.309813962903665,0.298786815985763,0.297290737076012,0.293429090082913,0.298689072298785,0.291590990174629,0.284476217519042,0.275491577330317,0.263992834164739,0.256430431249599,0.24828096823117,0.249473929959263,0.237429359896836,0.234586108803155,0.228972414054954,0.214473900863266,0.213888420522013,0.210201651330412,0.206010477565696,0.197994393663192,
European Union (27),EUU,CO2 emissions (kg per 2017 PPP $ of GDP),EN.ATM.CO2E.PP.GD.KD,0.297043403681996,0.289802804907094,0.277600345044205,0.274033184104567,0.26591257751703,0.262961849203585,0.265141248066932,0.253381375404551,0.245523799460596,0.23468224972435,0.226401497706643,0.225151398046559,0.221808484326381,0.225266032128113,0.219527246363094,0.213867013650874,0.206836222133671,0.197851082107293,0.19172585461225,0.185487366460225,0.18656857891376,0.177854306110989,0.175724907644584,0.171320083950452,0.160324156145677,0.15984085515016,0.157077688124071,0.15369162025327,0.147035769576572,0.137255498991124
European Union (27),EUU,CO2 emissions (kg per PPP $ of GDP),EN.ATM.CO2E.PP.GD,0.57203034452614,0.539599318886105,0.50516514467988,0.487164493281091,0.462834515831824,0.448334558565433,0.445467599172614,0.41945388593188,0.399129567117117,0.377077661382456,0.354798339618698,0.343332664583091,0.327316314063188,0.327807818166179,0.312438415464495,0.298638056749952,0.274748793698204,0.254028834976642,0.236404953674893,0.223062172437335,0.221427341588893,0.205272813227027,0.198376560391397,0.186760174364713,0.172484725420365,0.170418404991217,0.160699051110601,0.15369162025327,0.143458168449071,0.132250786404355
European Union (27),EUU,CO2 emissions (kt),EN.ATM.CO2E.KT,3562590.0,3524670.0,3409700.0,3348870.0,3336400.0,3391600.0,3488790.0,3419620.0,3412010.0,3354420.0,3362380.0,3419490.0,3411189.9869442,3502199.99432564,3507500.00476837,3488149.98865128,3496999.94325638,3456569.96035576,3378879.98270988,3129210.00409126,3213189.98932839,3118369.98820305,3059130.00750542,2982339.98727799,2836770.03216743,2895699.9617815,2905110.00978947,2926620.00274658,2862280.02619743,2724969.99752522
European Union (27),EUU,CO2 emissions (metric tons per capita),EN.ATM.CO2E.PC,8.4727144071098,8.35763558207739,8.06144467793692,7.8919289472401,7.84298743481668,7.95770364605012,8.1724423829858,7.99839924422352,7.96994010885528,7.82252532736189,7.8317163769249,7.95423302141607,7.91676237701413,8.09914652803689,8.08104790570611,8.00802236332176,8.00232399954187,7.8832818602335,7.68142568685032,7.0970371279958,7.27735921569515,7.07519294749634,6.93058034991703,6.74021643576494,6.39521911779386,6.51386931011614,6.52118973016264,6.55918775216165,6.40452726466074,6.09343322014878
European Union (27),EUU,"CO2 emissions from electricity and heat production, total (% of total fuel combustion)",EN.CO2.ETOT.ZS,42.1145143797449,42.1403213942007,42.8176071840491,42.0415564049789,42.2481133324507,41.9106167944392,41.5074690969423,41.2236631771253,41.3817215157826,41.006454858938,41.5420562178649,41.3706462047694,42.1484663501394,42.3443032182175,42.2855986699156,42.36163167494,42.7311164707894,44.0835862992088,42.724293010138,42.2183097434954,42.2506553727811,43.1778055505961,43.2371046343669,41.9452908515565,41.5951165452464,,,,,
European Union (27),EUU,CO2 emissions from gaseous fuel consumption (% of total),EN.ATM.CO2E.GF.ZS,,16.6445750606764,16.5714625584305,17.1955015410912,17.0632402716131,18.2471186434731,19.277069742535,19.1431738805774,19.7456476122702,20.5182749306177,21.0209443681859,21.4187611199657,21.6154775436865,22.1280912496456,22.6754565645308,23.6010659641012,23.5198297477461,23.3860378275405,24.345394561215,24.7094864930387,25.8423269044975,24.5136976324621,24.5255521558175,24.6885694626772,22.8782446086701,20.9506080233918,22.0019975383363,,,
European Union (27),EUU,CO2 emissions from gaseous fuel consumption (kt),EN.ATM.CO2E.GF.KT,,582217.431297489,566362.832323431,577325.689764806,570781.79766365,620184.506683501,674024.562762957,655907.540136835,674934.213613099,690157.02248671,708444.974431445,733763.644235961,739041.276670173,777296.761355209,797664.894329027,825515.798637145,824313.997936597,810245.211754032,824582.289836108,775010.767362118,832561.217422928,765591.149027239,751448.858214671,738034.263239133,650729.138953127,694189.836954301,731992.548066787,,,
European Union (27),EUU,CO2 emissions from liquid fuel consumption (% of total),EN.ATM.CO2E.LF.ZS,,42.8583304172649,42.3382508586063,43.7253274172022,43.1974272187686,43.3844450988669,43.2595513016143,43.6866573815208,44.7145797560774,44.4645794791389,43.2456940215305,44.2066276061594,44.0087867205574,42.7701903456473,42.5339074764146,42.4115721765191,42.0188133081599,41.002288164114,41.8364631153973,42.7637114513604,41.0539375311308,40.8726160054301,39.6991317917684,39.8541484042905,41.4513417676395,38.2827885496209,38.9335330894091,,,
